name	svg
Add plus	<svg viewBox="0 0 36 36" fill="none"><path d="M19.13 7.5C19.13 6.88 18.62 6.38 18 6.38C17.38 6.38 16.88 6.88 16.88 7.5V16.88H7.5C6.88 16.88 6.38 17.38 6.38 18C6.38 18.62 6.88 19.13 7.5 19.13H16.88V28.5C16.88 29.12 17.38 29.63 18 29.63C18.62 29.63 19.13 29.12 19.13 28.5V19.13H28.5C29.12 19.13 29.63 18.62 29.63 18C29.63 17.38 29.12 16.88 28.5 16.88H19.13V7.5Z" fill="currentColor"/></svg>
Tick	<svg viewBox="0 0 36 36" fill="none"><path d="M29.2 9.7C29.64 9.27 30.36 9.27 30.8 9.7C31.23 10.14 31.23 10.86 30.8 11.3L15.8 26.3C15.36 26.73 14.64 26.73 14.2 26.3L6.7 18.8C6.27 18.36 6.27 17.64 6.7 17.2C7.14 16.77 7.86 16.77 8.3 17.2L15 23.91L29.2 9.7Z" fill="currentColor"/></svg>
Close x cancel	<svg viewBox="0 0 36 36" fill="none"><path fill-rule="evenodd" d="M27.8 8.2C28.23 8.64 28.23 9.36 27.8 9.8L9.8 27.8C9.36 28.23 8.64 28.23 8.2 27.8C7.77 27.36 7.77 26.64 8.2 26.2L26.2 8.2C26.64 7.77 27.36 7.77 27.8 8.2Z" fill="currentColor"/><path fill-rule="evenodd" d="M8.2 8.2C8.64 7.77 9.36 7.77 9.8 8.2L27.8 26.2C28.23 26.64 28.23 27.36 27.8 27.8C27.36 28.23 26.64 28.23 26.2 27.8L8.2 9.8C7.77 9.36 7.77 8.64 8.2 8.2Z" fill="currentColor"/></svg>
Save	<svg viewBox="0 0 36 36" fill="none"><path fill-rule="evenodd" d="M9 7.13C8.5 7.13 8.03 7.32 7.67 7.67C7.32 8.03 7.13 8.5 7.13 9V27C7.13 27.5 7.32 27.97 7.67 28.33C8.03 28.68 8.5 28.88 9 28.88H27C27.5 28.88 27.97 28.68 28.33 28.33C28.68 27.97 28.88 27.5 28.88 27V12.47L23.53 7.13H9ZM6.08 6.08C6.86 5.31 7.91 4.88 9 4.88H24C24.3 4.88 24.58 4.99 24.8 5.2L30.8 11.2C31.01 11.42 31.13 11.7 31.13 12V27C31.13 28.09 30.69 29.14 29.92 29.92C29.14 30.69 28.09 31.13 27 31.13H9C7.91 31.13 6.86 30.69 6.08 29.92C5.31 29.14 4.88 28.09 4.88 27V9C4.88 7.91 5.31 6.86 6.08 6.08Z" fill="currentColor"/><path fill-rule="evenodd" d="M15.08 18.08C15.86 17.31 16.91 16.88 18 16.88C19.09 16.88 20.14 17.31 20.92 18.08C21.69 18.86 22.13 19.91 22.13 21C22.13 22.09 21.69 23.14 20.92 23.92C20.14 24.69 19.09 25.13 18 25.13C16.91 25.13 15.86 24.69 15.08 23.92C14.31 23.14 13.88 22.09 13.88 21C13.88 19.91 14.31 18.86 15.08 18.08ZM18 19.13C17.5 19.13 17.03 19.32 16.67 19.67C16.32 20.03 16.13 20.5 16.13 21C16.13 21.5 16.32 21.97 16.67 22.33C17.03 22.68 17.5 22.88 18 22.88C18.5 22.88 18.97 22.68 19.33 22.33C19.68 21.97 19.88 21.5 19.88 21C19.88 20.5 19.68 20.03 19.33 19.67C18.97 19.32 18.5 19.13 18 19.13Z" fill="currentColor"/><path fill-rule="evenodd" d="M12 4.88C12.62 4.88 13.13 5.38 13.13 6V10.88H19.88V6C19.88 5.38 20.38 4.88 21 4.88C21.62 4.88 22.13 5.38 22.13 6V12C22.13 12.62 21.62 13.13 21 13.13H12C11.38 13.13 10.88 12.62 10.88 12V6C10.88 5.38 11.38 4.88 12 4.88Z" fill="currentColor"/></svg>
History	<svg viewBox="0 0 36 36" fill="none"><path fill-rule="evenodd" d="M18 10.88C18.62 10.88 19.13 11.38 19.13 12V17.53L21.8 20.2C22.23 20.64 22.23 21.36 21.8 21.8C21.36 22.23 20.64 22.23 20.2 21.8L17.2 18.8C16.99 18.58 16.88 18.3 16.88 18V12C16.88 11.38 17.38 10.88 18 10.88Z" fill="currentColor"/><path fill-rule="evenodd" d="M26.14 8.54C23.85 6.54 20.9 5.46 17.86 5.49C14.82 5.53 11.9 6.68 9.66 8.73C7.41 10.78 6 13.59 5.69 16.61C5.63 17.23 5.08 17.68 4.46 17.62C3.84 17.56 3.39 17 3.46 16.39C3.82 12.81 5.49 9.5 8.14 7.07C10.79 4.65 14.25 3.29 17.84 3.24C21.43 3.2 24.91 4.49 27.62 6.85C30.33 9.21 32.07 12.49 32.52 16.05C32.96 19.62 32.08 23.22 30.04 26.18C28 29.14 24.94 31.24 21.44 32.08C17.95 32.93 14.27 32.46 11.1 30.76C8.89 29.58 7.04 27.85 5.7 25.77V30C5.7 30.62 5.2 31.13 4.57 31.13C3.95 31.13 3.45 30.62 3.45 30V22.5C3.45 21.88 3.95 21.38 4.57 21.38H5.3C5.32 21.37 5.33 21.37 5.35 21.38H12.08C12.7 21.38 13.2 21.88 13.2 22.5C13.2 23.12 12.7 23.63 12.08 23.63H7.05C8.2 25.8 9.97 27.6 12.16 28.78C14.84 30.21 17.96 30.61 20.91 29.9C23.87 29.18 26.46 27.4 28.19 24.9C29.92 22.4 30.66 19.35 30.28 16.33C29.91 13.32 28.43 10.54 26.14 8.54Z" fill="currentColor"/></svg>
Export	<svg viewBox="0 0 36 36" fill="none"><path fill-rule="evenodd" d="M26.3 14.3C25.86 14.73 25.14 14.73 24.7 14.3L18 7.59L11.3 14.3C10.86 14.73 10.14 14.73 9.7 14.3C9.27 13.86 9.27 13.14 9.7 12.7L17.2 5.2C17.64 4.77 18.36 4.77 18.8 5.2L26.3 12.7C26.73 13.14 26.73 13.86 26.3 14.3Z" fill="currentColor"/><path d="M16.88 24C16.88 24.62 17.38 25.13 18 25.13C18.62 25.13 19.13 24.62 19.13 24L19.13 6C19.13 5.38 18.62 4.88 18 4.88C17.38 4.88 16.88 5.38 16.88 6L16.88 24Z" fill="currentColor"/><path d="M7.13 25.5C7.13 24.88 6.62 24.38 6 24.38C5.38 24.38 4.88 24.88 4.88 25.5V28.5C4.88 29.59 5.31 30.64 6.08 31.42C6.86 32.19 7.91 32.63 9 32.63H27C28.09 32.63 29.14 32.19 29.92 31.42C30.69 30.64 31.13 29.59 31.13 28.5V25.5C31.13 24.88 30.62 24.38 30 24.38C29.38 24.38 28.88 24.88 28.88 25.5V28.5C28.88 29 28.68 29.47 28.33 29.83C27.97 30.18 27.5 30.38 27 30.38H9C8.5 30.38 8.03 30.18 7.67 29.83C7.32 29.47 7.13 29 7.13 28.5V25.5Z" fill="currentColor"/></svg>
Sort arrow (AG Grid)	<svg viewBox="0 0 36 36" fill="none"><path d="M7.96 15.43C7.79 15.01 7.88 14.53 8.2 14.2L17.2 5.2C17.64 4.76 18.36 4.76 18.8 5.2L27.8 14.2C28.12 14.53 28.21 15.01 28.04 15.43C27.86 15.85 27.45 16.13 27 16.13L9 16.13C8.55 16.13 8.14 15.85 7.96 15.43ZM24.28 13.88L18 7.59L11.72 13.88L24.28 13.88Z" fill="currentColor"/><path d="M8.2 21.8C7.88 21.47 7.79 20.99 7.96 20.57C8.14 20.15 8.55 19.88 9 19.88L27 19.88C27.45 19.88 27.86 20.15 28.04 20.57C28.21 20.99 28.12 21.47 27.8 21.8L18.8 30.8C18.36 31.24 17.64 31.24 17.2 30.8L8.2 21.8ZM18 28.41L24.28 22.13L11.72 22.13L18 28.41Z" fill="currentColor"/></svg>
Search	<svg viewBox="0 0 36 36" fill="none"><path fill-rule="evenodd" d="M15 3.38C8.58 3.38 3.38 8.58 3.38 15C3.38 21.42 8.58 26.63 15 26.63C17.81 26.63 20.38 25.63 22.39 23.98L30.7 32.3C31.14 32.73 31.86 32.73 32.3 32.3C32.73 31.86 32.73 31.14 32.3 30.7L23.98 22.39C25.63 20.38 26.63 17.81 26.63 15C26.63 8.58 21.42 3.38 15 3.38ZM5.63 15C5.63 9.82 9.82 5.63 15 5.63C20.18 5.63 24.38 9.82 24.38 15C24.38 20.18 20.18 24.38 15 24.38C9.82 24.38 5.63 20.18 5.63 15Z" fill="currentColor"/></svg>
Information	<svg viewBox="0 0 36 36" fill="none"><path fill-rule="evenodd" d="M18 5.63C11.17 5.63 5.63 11.17 5.63 18C5.63 24.83 11.17 30.38 18 30.38C24.83 30.38 30.38 24.83 30.38 18C30.38 11.17 24.83 5.63 18 5.63ZM3.38 18C3.38 9.92 9.92 3.38 18 3.38C26.08 3.38 32.63 9.92 32.63 18C32.63 26.08 26.08 32.63 18 32.63C9.92 32.63 3.38 26.08 3.38 18Z" fill="currentColor"/><path fill-rule="evenodd" d="M18 14.88C18.62 14.88 19.13 15.38 19.13 16V24C19.13 24.62 18.62 25.13 18 25.13C17.38 25.13 16.88 24.62 16.88 24V16C16.88 15.38 17.38 14.88 18 14.88Z" fill="currentColor"/><path fill-rule="evenodd" d="M16.88 11C16.88 10.38 17.38 9.88 18 9.88H18.02C18.64 9.88 19.14 10.38 19.14 11C19.14 11.62 18.64 12.13 18.02 12.13H18C17.38 12.13 16.88 11.62 16.88 11Z" fill="currentColor"/></svg>
